ISO,NAME,Hazard,JAN,FEB,MAR,APR,MAY,JUN,JUL,AUG,SEP,OCT,NOV,DEC
AFG,Afghanistan,FL,1.136842105,0.757894737,3.031578947,5.305263158,7.2,2.652631579,4.926315789,3.031578947,1.136842105,0,0.378947368,0.757894737
ALB,Albania,FL,1.566666667,1.566666667,0.783333333,0,0,0,0,0,0.783333333,0.783333333,3.133333333,4.7
DZA,Algeria,FL,0.742857143,1.485714286,1.485714286,2.971428571,0,0.742857143,0,5.2,2.971428571,5.2,2.228571429,1.485714286
AGO,Angola,FL,3.1875,2.55,5.1,1.9125,0.6375,0.31875,0,0,0,0.31875,0.31875,1.275
ATG,Antigua and Barbuda,FL,0.1,0.1,0.1,0.1,0.1,0.1,0.1,0.1,0.1,0.1,0.1,0.1
ARG,Argentina,FL,4.0625,1.625,6.5,6.5,2.4375,1.625,1.625,0.8125,0,3.25,5.6875,4.875
ARM,Armenia,FL,0,0,4.3,0,0,0,0,0,0,0,0,0
AUS,Australia,FL,0,0,0,0,0,0,0,0,0,0,0,0
AUT,Austria,FL,0,0,1.833333333,1.833333333,0,5.5,3.666666667,3.666666667,0,0,0,0
AZE,Azerbaijan,FL,0,0,0,4.9,4.9,4.9,0,0,4.9,0,0,0
BHS,Bahamas,FL,0.1,0.1,0.1,0.1,0.1,0.1,0.1,0.1,0.1,0.1,0.1,0.1
BHR,Bahrain,FL,0.1,0.1,0.1,0.1,0.1,0.1,0.1,0.1,0.1,0.1,0.1,0.1
BGD,Bangladesh,FL,0,0,0.833333333,0.833333333,2.5,9.166666667,10,8.333333333,5.833333333,4.166666667,0,0
BRB,Barbados,FL,0.1,0.1,0.1,0.1,0.1,0.1,0.1,0.1,0.1,0.1,0.1,0.1
BLR,Belarus,FL,0,0,6.2,6.2,0,0,0,0,0,0,0,0
BEL,Belgium,FL,4,1.333333333,0,0,0,1.333333333,0,1.333333333,1.333333333,0,1.333333333,1.333333333
BLZ,Belize,FL,0,0,0,0,0,0,0,0,0,8.4,4.2,0
BEN,Benin,FL,0,0,0,0,0,2.04,5.1,1.02,3.06,1.02,1.02,0
BTN,Bhutan,FL,0,0,0,0,0,0,2.55,5.1,0,0,0,0
BOL,Bolivia,FL,5.107142857,5.5,1.178571429,1.178571429,0.392857143,0,0,0,0,0.785714286,0.392857143,1.178571429
BIH,Bosnia and Herzegovina,FL,0,2.366666667,2.366666667,7.1,2.366666667,4.733333333,2.366666667,2.366666667,2.366666667,2.366666667,0,4.733333333
BWA,Botswana,FL,1.2,4.8,3.6,0,1.2,1.2,1.2,0,0,0,0,0
BRA,Brazil,FL,8.1,4.32,4.86,4.32,3.24,4.32,2.16,0,1.62,2.16,3.78,4.32
BRN,Brunei Darussalam,FL,0,0,0,0,0,0,0,0,0,0,0,0
BGR,Bulgaria,FL,0,1.96,0,2.94,3.92,4.9,2.94,4.9,1.96,0,0.98,0.98
BFA,Burkina Faso,FL,0,0,0,0,0,2.3,4.6,3.833333333,3.833333333,2.3,0,0
BDI,Burundi,FL,3.7,2.96,2.96,3.7,3.7,0.74,0,0.74,0.74,1.48,0.74,1.48
CPV,Cabo Verde,FL,0.1,0.1,0.1,0.1,0.1,0.1,0.1,0.1,0.1,0.1,0.1,0.1
KHM,Cambodia,FL,0,0,0,0,0,0,4.75,9.5,4.75,3.5625,5.9375,0
CMR,Cameroon,FL,0,0,0,0,0,1.714285714,1.714285714,6,1.714285714,0,0,0
CAN,Canada,FL,0,0.577777778,1.733333333,5.2,4.044444444,3.466666667,1.155555556,1.733333333,0.577777778,0.577777778,0,0
CAF,Central African Republic,FL,0,0,0,0,0,0,5.7,5.7,4.275,2.85,1.425,0
TCD,Chad,FL,0,0,0,0,0,0,2.142857143,6.428571429,7.5,3.214285714,0,0
CHL,Chile,FL,0,2.4,2.4,1.6,4,5.6,2.4,2.4,0.8,0.8,0.8,0
CHN,China,FL,0.123529412,0,0.123529412,1.111764706,4.694117647,8.4,6.670588235,4.941176471,2.347058824,1.235294118,0.494117647,0.247058824
COL,Colombia,FL,3.4,4.08,5.44,6.8,4.76,3.4,2.72,2.72,3.4,2.72,3.4,3.4
COM,Comoros,FL,0.1,0.1,0.1,0.1,0.1,0.1,0.1,0.1,0.1,0.1,0.1,0.1
COG,Congo,FL,2.866666667,0,0,0,0,0,0,0,0,2.866666667,8.6,5.733333333
COD,Congo DR,FL,1.875,1.875,0.9375,1.875,0.9375,0,0.9375,0,0.9375,2.8125,3.75,7.5
CRI,Costa Rica,FL,0.66,0,0,0,1.32,0.66,1.32,0,2.64,3.3,2.64,1.32
CIV,C™te d'Ivoire,FL,0,0,0,0,0,5.6,2.8,0.933333333,0.933333333,0,0,0
HRV,Croatia,FL,0,0,3.25,3.25,6.5,3.25,0,3.25,6.5,3.25,3.25,6.5
CUB,Cuba,FL,0,0,0,3.6,1.8,3.6,0,0,0,1.8,1.8,3.6
CYP,Cyprus,FL,0,0,0,0,0,0,0,0,0,0,0,0
CZE,Czech Republic,FL,0,0,3.975,1.325,1.325,5.3,0,2.65,0,0,0,0
DNK,Denmark,FL,0,0,0,0,0,0,0,0,0,0,0,0
DJI,Djibouti,FL,0,0,0,0.4,0,0,0,0,0,0,0,0
DMA,Dominica,FL,0.1,0.1,0.1,0.1,0.1,0.1,0.1,0.1,0.1,0.1,0.1,0.1
DOM,Dominican Republic,FL,0.766666667,2.3,0.766666667,1.533333333,4.6,3.066666667,1.533333333,0,0.766666667,0,2.3,0.766666667
ECU,Ecuador,FL,5.8625,3.35,6.7,2.5125,2.5125,0.8375,0,0,0,0,0,0
EGY,Egypt,FL,4.05,0,4.05,0,0,0,0,0,0,0,0,8.1
SLV,El Salvador,FL,0,0,0,0,0.6,1.2,0.6,0,2.4,3,0,0
GNQ,Equatorial Guinea,FL,0,0,0,0,0,0,0,0,0,0,0,0
ERI,Eritrea,FL,0,0,0,0,0,0,3.1,1.55,0,0,0,0
EST,Estonia,FL,0,0,0,0,0,0,0,0,0,0,0,0
ETH,Ethiopia,FL,0,0,0.518181818,3.109090909,2.072727273,1.036363636,1.554545455,5.7,2.072727273,1.036363636,1.554545455,0.518181818
FJI,Fiji,FL,0.1,0.1,0.1,0.1,0.1,0.1,0.1,0.1,0.1,0.1,0.1,0.1
FIN,Finland,FL,0.1,0.1,0.1,0.1,0.1,0.1,0.1,0.1,0.1,0.1,0.1,0.1
FRA,France,FL,6.4,1.28,1.28,1.28,3.84,6.4,3.84,1.28,2.56,2.56,6.4,5.12
GAB,Gabon,FL,0,0,0,0,0,4.8,0,0,0,0,0,0
GMB,Gambia,FL,0,0,0,0,0,0,3.5,2.333333333,3.5,1.166666667,0,0
GEO,Georgia,FL,0,0,1.7,3.4,1.7,3.4,5.1,1.7,1.7,0,0,0
DEU,Germany,FL,1.525,0,1.525,1.525,3.05,4.575,3.05,6.1,0,0,0,0
GHA,Ghana,FL,0,0,0.816666667,2.45,0,4.9,4.083333333,2.45,1.633333333,3.266666667,0,0
GRC,Greece,FL,1.55,3.1,0,0,0,0,0,0,0.516666667,2.066666667,3.1,2.583333333
GRD,Grenada,FL,0.1,0.1,0.1,0.1,0.1,0.1,0.1,0.1,0.1,0.1,0.1,0.1
GTM,Guatemala,FL,0,0.6375,0,0,0.6375,1.9125,1.275,1.9125,3.1875,5.1,1.275,0
GIN,Guinea,FL,0,0,0,0,0,0,2.55,5.1,3.4,0.85,0,0
GNB,Guinea-Bissau,FL,0,0,0,0,0,0,3.3,3.3,3.3,3.3,0,0
GUY,Guyana,FL,4.8,4.8,0,0,2.4,0,2.4,0,0,0,0,2.4
HTI,Haiti,FL,0,1.29,1.29,1.29,4.3,2.58,1.29,0.43,0.43,2.15,2.58,1.29
HND,Honduras,FL,1.9125,0,0,0,0.6375,2.55,0.6375,1.275,1.275,5.1,1.9125,0.6375
HUN,Hungary,FL,0,0,7.5,2.5,7.5,7.5,2.5,7.5,2.5,0,0,0
ISL,Iceland,FL,0.1,0.1,0.1,0.1,0.1,0.1,0.1,0.1,0.1,0.1,0.1,0.1
IND,India,FL,0,0.158490566,0.475471698,0.475471698,1.267924528,4.596226415,8.4,8.4,6.339622642,3.803773585,1.267924528,0.633962264
IDN,Indonesia,FL,8.1,6.942857143,4.339285714,2.314285714,1.446428571,1.735714286,2.892857143,1.157142857,2.025,2.025,4.05,5.785714286
IRN,Iran,FL,1.6,0,4.8,2.4,1.6,1.6,2.4,6.4,2.4,2.4,1.6,1.6
IRQ,Iraq,FL,2.375,2.375,2.375,4.75,0,0,0,0,2.375,4.75,9.5,2.375
IRL,Ireland,FL,0,0,0,0,0,0,0,0,0,1.3,3.9,0
ISR,Israel,FL,2.3,0,0,2.3,0,0,0,0,0,0,0,0
ITA,Italy,FL,2.025,0.675,0,0,1.35,0,0.675,1.35,2.7,3.375,5.4,1.35
JAM,Jamaica,FL,0,0,0,0,3.1,3.1,0,0,0,0,3.1,0
JPN,Japan,FL,0,0,0,0,0,1.625,3.9,0,0.65,0,0.325,0
JOR,Jordan,FL,0,0,0,0,0,0,0,0,0,2.6,2.6,0
KAZ,Kazakhstan,FL,0,4,6,5,1,0,0,0,0,0,0,0
KEN,Kenya,FL,1.866666667,0,2.613333333,5.226666667,5.6,1.12,0,1.12,0.373333333,2.613333333,2.24,2.613333333
KIR,Kiribati,FL,0.1,0.1,0.1,0.1,0.1,0.1,0.1,0.1,0.1,0.1,0.1,0.1
PRK,Korea DPR,FL,0,0,0,0,0,1.644444444,7.4,6.577777778,2.466666667,1.644444444,0,0
KOR,Korea Republic of,FL,0,0,0,0,0.783333333,0,4.7,4.7,2.35,0,0,0
KWT,Kuwait,FL,0,0,0,0,0,0,0,0,0,0,1.3,0
KGZ,Kyrgyzstan,FL,0,0,0,5.6,0,2.8,0,0,0,0,0,0
LAO,Lao PDR,FL,0,0,0,0,0,2.022222222,1.011111111,9.1,3.033333333,1.011111111,0,0
LVA,Latvia,FL,0,0,0,0,0,0,0,0,0,0,0,0
LBN,Lebanon,FL,0,1.2,1.2,0,0,0,0,0,0,0,0,0
LSO,Lesotho,FL,0,3,3,0,0,0,0,0,0,0,0,0
LBR,Liberia,FL,0,0,0,0,0,4.133333333,6.2,2.066666667,0,0,0,0
LBY,Libya,FL,0,0,0,0,0,0,0,0,0,0,2.6,2.6
LIE,Liechtenstein,FL,0.1,0.1,0.1,0.1,0.1,0.1,0.1,0.1,0.1,0.1,0.1,0.1
LTU,Lithuania,FL,0,0,0,0,0,0,0,4.7,0,0,0,0
LUX,Luxembourg,FL,0,0,0,0,0,0,0,0,0,0,0,0
MDG,Madagascar,FL,3.6,7.2,7.2,0,0,0,0,0,0,0,0,0
MWI,Malawi,FL,5.3,3.18,4.77,3.18,0.53,0,0,0,0,0,1.59,3.18
MYS,Malaysia,FL,5.657142857,2.828571429,0.471428571,0.471428571,0,0,0.942857143,0.471428571,0,1.414285714,3.771428571,6.6
MDV,Maldives,FL,0.1,0.1,0.1,0.1,0.1,0.1,0.1,0.1,0.1,0.1,0.1,0.1
MLI,Mali,FL,0,0,0,0,0.627272727,0.627272727,2.509090909,6.9,1.881818182,3.136363636,0,0
MLT,Malta,FL,0.1,0.1,0.1,0.1,0.1,0.1,0.1,0.1,0.1,0.1,0.1,0.1
MHL,Marshall Islands,FL,0.1,0.1,0.1,0.1,0.1,0.1,0.1,0.1,0.1,0.1,0.1,0.1
MRT,Mauritania,FL,1.071428571,0,0,0,0,0,1.071428571,7.5,5.357142857,1.071428571,0,0
MUS,Mauritius,FL,0.1,0.1,0.1,0.1,0.1,0.1,0.1,0.1,0.1,0.1,0.1,0.1
MEX,Mexico,FL,0.48,0.96,0.48,0.48,1.44,1.92,1.92,1.92,7.2,2.4,1.44,0
FSM,Micronesia,FL,0.1,0.1,0.1,0.1,0.1,0.1,0.1,0.1,0.1,0.1,0.1,0.1
MDA,Moldova Republic of,FL,0,0,0,0,0,2.8,5.6,2.8,0,0,0,0
MNG,Mongolia,FL,0,0,0,0,0,0,4.3,1.433333333,0,0,0,0
MNE,Montenegro,FL,2.2,0,0,0,0,0,0,0,0,0,4.4,4.4
MAR,Morocco,FL,0,2.32,1.16,0,1.16,0,0,0,0,4.64,5.8,4.64
MOZ,Mozambique,FL,6.3,3.54375,2.75625,0.39375,0.39375,0,0.39375,0,0,0.7875,0,1.96875
MMR,Myanmar,FL,0,0,0,0,1.1,5.5,7.7,9.9,2.2,3.3,0,0
NAM,Namibia,FL,5.228571429,2.614285714,6.1,0.871428571,1.742857143,0.871428571,0,0,0,0,0,0
NRU,Nauru,FL,0.1,0.1,0.1,0.1,0.1,0.1,0.1,0.1,0.1,0.1,0.1,0.1
NPL,Nepal,FL,0,0,0,0,0.788235294,1.970588235,6.7,2.758823529,1.182352941,0.788235294,0,0
NLD,Netherlands,FL,0,0,0,0,0,0,0,0,0,0,0,0
NZL,New Zealand,FL,1.9,1.9,1.9,3.8,3.8,3.8,1.9,1.9,0,0,0,0
NIC,Nicaragua,FL,0,0,0,0,2.914285714,2.914285714,1.457142857,0.728571429,2.185714286,5.1,0,0
NER,Niger,FL,0,0,0,0,0,4.625,6.475,7.4,4.625,5.55,1.85,0.925
NGA,Nigeria,FL,0,0.615384615,0,1.230769231,0.615384615,3.692307692,4.307692308,8,8,4.923076923,0,0
NOR,Norway,FL,0.1,0.1,0.1,0.1,0.1,0.1,0.1,0.1,0.1,0.1,0.1,0.1
OMN,Oman,FL,0,0,0,3.7,0,0,0,0,0,0,0,3.7
PAK,Pakistan,FL,0.366666667,1.833333333,1.833333333,1.1,0.733333333,2.933333333,6.233333333,8.8,3.3,0.733333333,0.366666667,0.366666667
PLW,Palau,FL,0.1,0.1,0.1,0.1,0.1,0.1,0.1,0.1,0.1,0.1,0.1,0.1
PSE,Palestine,FL,1.8,0.9,0.9,0,0,0,0,0,0,0.9,0,0
PAN,Panama,FL,0.75,0,0,0,1.125,0.375,0.75,0.375,1.875,1.5,3,0.75
PNG,Papua New Guinea,FL,2.5,2.5,5,2.5,0,2.5,2.5,2.5,2.5,0,0,5
PRY,Paraguay,FL,2.4,1.2,4.8,2.4,1.2,1.2,3.6,1.2,1.2,1.2,1.2,1.2
PER,Peru,FL,4.923076923,6.4,4.430769231,0.984615385,1.476923077,0,0,0,0,0.984615385,0.492307692,1.969230769
PHL,Philippines,FL,7.2,3.410526316,2.273684211,0,2.652631579,4.168421053,3.789473684,6.442105263,3.031578947,2.273684211,2.652631579,2.652631579
POL,Poland,FL,0,0,2.033333333,0,4.066666667,4.066666667,4.066666667,6.1,0,0,0,0
PRT,Portugal,FL,3.7,3.7,0,0,0,0,0,0,0,1.85,3.7,1.85
QAT,Qatar,FL,0,0,0,0,0,0,0,0,0,0,0,0
ROU,Romania,FL,2.333333333,0.777777778,4.666666667,3.888888889,2.333333333,7,7,6.222222222,2.333333333,0.777777778,0,0
RUS,Russian Federation,FL,0.84,0.84,4.2,8.4,8.4,5.88,5.88,8.4,1.68,2.52,0,0
RWA,Rwanda,FL,0.628571429,0.628571429,0.628571429,4.4,1.257142857,0,0,0,1.257142857,1.885714286,0.628571429,0
KNA,Saint Kitts and Nevis,FL,0.1,0.1,0.1,0.1,0.1,0.1,0.1,0.1,0.1,0.1,0.1,0.1
LCA,Saint Lucia,FL,0.1,0.1,0.1,0.1,0.1,0.1,0.1,0.1,0.1,0.1,0.1,0.1
VCT,Saint Vincent and the Grenadines,FL,0.1,0.1,0.1,0.1,0.1,0.1,0.1,0.1,0.1,0.1,0.1,0.1
WSM,Samoa,FL,0.1,0.1,0.1,0.1,0.1,0.1,0.1,0.1,0.1,0.1,0.1,0.1
STP,Sao Tome and Principe,FL,0.1,0.1,0.1,0.1,0.1,0.1,0.1,0.1,0.1,0.1,0.1,0.1
SAU,Saudi Arabia,FL,1.85,0,0.616666667,3.7,0.616666667,0,1.233333333,0.616666667,0,0,3.083333333,0
SEN,Senegal,FL,0.6,0,0,0,0,0,1.2,4.8,3,0.6,0,0
SRB,Serbia,FL,0,2.966666667,8.9,2.966666667,5.933333333,2.966666667,0,2.966666667,2.966666667,0,8.9,2.966666667
SYC,Seychelles,FL,0.1,0.1,0.1,0.1,0.1,0.1,0.1,0.1,0.1,0.1,0.1,0.1
SLE,Sierra Leone,FL,0,0,0,0,0,0,0.92,4.6,0.92,0,0,0
SGP,Singapore,FL,0.1,0.1,0.1,0.1,0.1,0.1,0.1,0.1,0.1,0.1,0.1,0.1
SVK,Slovakia,FL,0,0,4.466666667,0,4.466666667,6.7,4.466666667,4.466666667,0,0,0,0
SVN,Slovenia,FL,0,0,0,0,0,0,0,4,4,0,4,0
SLB,Solomon Islands,FL,0.1,0.1,0.1,0.1,0.1,0.1,0.1,0.1,0.1,0.1,0.1,0.1
SOM,Somalia,FL,0,0,1.666666667,4.166666667,4.166666667,1.666666667,0.833333333,3.333333333,2.5,5.833333333,7.5,1.666666667
ZAF,South Africa,FL,1.666666667,1.666666667,5,0,0.833333333,0.833333333,3.333333333,4.166666667,0,0.833333333,1.666666667,1.666666667
SSD,South Sudan,FL,0,0,0,0,0,0,2.84,7.1,2.84,5.68,1.42,0
ESP,Spain,FL,0,0,2.7,2.7,1.35,2.7,0,0,2.7,5.4,4.05,2.7
LKA,Sri Lanka,FL,3.05,1.83,0.61,0,4.88,1.83,0,0.61,1.22,1.83,4.88,6.1
SDN,Sudan,FL,0,0,0,0,0,1.846153846,4.307692308,8,4.307692308,1.230769231,0,0
SUR,Suriname,FL,0,0,0,0,8.6,8.6,0,0,0,0,0,0
SWZ,Swaziland,FL,4.2,4.2,0,0,0,0,0,0,0,0,0,4.2
SWE,Sweden,FL,0,0,0,0,0,0,0,0,0,0,0,0
CHE,Switzerland,FL,0,0,0,0,0,0,2.15,4.3,0,0,0,0
SYR,Syria,FL,0,0,5.2,5.2,0,0,0,0,0,5.2,0,0
TJK,Tajikistan,FL,0,0.771428571,0.771428571,3.085714286,5.4,4.628571429,3.085714286,1.542857143,0,0,0,0
TZA,Tanzania,FL,3.314285714,1.657142857,2.485714286,5.8,4.971428571,0,0,0,0,0.828571429,0.828571429,4.971428571
THA,Thailand,FL,2.933333333,0.733333333,1.466666667,1.466666667,2.933333333,2.2,2.2,6.6,6.6,6.6,6.6,8.8
MKD,The former Yugoslav Republic of Macedonia,FL,0,0,0,0,0,0,0,0,0,0,0,0
TLS,Timor-Leste,FL,1.133333333,0,0,0,0,1.7,0.566666667,0,0,0,0,1.133333333
TGO,Togo,FL,0,0,0,0,0,2.866666667,2.866666667,4.3,4.3,2.866666667,0,0
TON,Tonga,FL,0.1,0.1,0.1,0.1,0.1,0.1,0.1,0.1,0.1,0.1,0.1,0.1
TTO,Trinidad and Tobago,FL,0,0,0,0,0,0,0,0,0,0.3,0,0
TUN,Tunisia,FL,1.266666667,0,0,1.266666667,0,0,0,0,3.8,2.533333333,0,0
TUR,Turkey,FL,1.14,1.14,2.28,0,4.56,1.14,5.7,4.56,1.14,2.28,2.28,2.28
TKM,Turkmenistan,FL,0,0,0,0,0,0,0,0,0,0,0,0
TUV,Tuvalu,FL,0.1,0.1,0.1,0.1,0.1,0.1,0.1,0.1,0.1,0.1,0.1,0.1
UGA,Uganda,FL,0,0,1.275,3.825,3.825,1.275,1.275,5.1,3.825,3.825,3.825,2.55
UKR,Ukraine,FL,0,2.366666667,4.733333333,2.366666667,2.366666667,2.366666667,7.1,0,2.366666667,2.366666667,0,0
ARE,United Arab Emirates,FL,0,0,0,0,0,0,0,0,0,0,0,3.8
GBR,United Kingdom,FL,2.88,1.92,0,0.96,0,4.8,2.88,1.92,1.92,1.92,3.84,3.84
USA,United States of America,FL,1.92,1.92,3.52,4.16,6.4,3.52,3.84,3.2,2.24,1.92,1.6,1.92
URY,Uruguay,FL,0.78,0,0.78,2.34,3.9,1.56,0,0.78,0,0.78,0.78,0.78
UZB,Uzbekistan,FL,0,6.3,6.3,0,0,0,0,0,0,0,0,0
VUT,Vanuatu,FL,0.1,0.1,0.1,0.1,0.1,0.1,0.1,0.1,0.1,0.1,0.1,0.1
VEN,Venezuela,FL,1.12,1.12,0,1.12,1.12,4.48,2.24,2.24,1.12,2.24,5.6,4.48
VNM,Viet Nam,FL,0.555555556,0,0,0.555555556,1.111111111,1.666666667,5.555555556,6.111111111,7.777777778,10,8.333333333,2.777777778
YEM,Yemen,FL,0.96,0.96,0.96,3.84,0.96,0.96,3.84,4.8,0.96,0.96,0,0
ZMB,Zambia,FL,3.666666667,4.583333333,5.5,0,2.75,0.916666667,0,0,0,0,0.916666667,1.833333333
ZWE,Zimbabwe,FL,6,4.8,3.6,0,0,0,0,0,0,0,0,3.6
AFG,Afghanistan,DR,1.695652174,3.702173913,9.1,9.015217391,7.630434783,5.736956522,4.889130435,4.210869565,3.645652174,2.430434783,1.27173913,1.102173913
ALB,Albania,DR,0,3.6,8.1,7.2,2.7,2.7,2.7,2.7,2.7,1.8,0,0
DZA,Algeria,DR,7.610574018,7.586102719,7.537160121,8.1,7.879758308,2.373716012,0,0,0.367069486,2.936555891,7.072205438,7.83081571
AGO,Angola,DR,0.724637681,0.391304348,0.84057971,0.724637681,0.449275362,0.31884058,0.130434783,0,0.028985507,0.420289855,1,0.869565217
ATG,Antigua and Barbuda,DR,x,x,x,x,x,x,x,x,x,x,x,x
ARG,Argentina,DR,4.02195122,3.690243902,3.4,3.068292683,2.943902439,2.529268293,1.575609756,1.741463415,3.234146341,5.1,4.685365854,3.524390244
ARM,Armenia,DR,0,0,5.083333333,6.1,4.575,4.575,3.05,1.525,0,0,0,0
AUS,Australia,DR,2.203448276,2.448275862,2.815517241,3.305172414,4.896551724,4.284482759,6.120689655,6.487931034,7.1,6.487931034,1.713793103,1.346551724
AUT,Austria,DR,0,0,1,0.8,0.563636364,0.218181818,0.090909091,0.018181818,0.109090909,0.072727273,0,0
AZE,Azerbaijan,DR,2.142857143,7.142857143,10,9.047619048,8.214285714,6.30952381,1.428571429,0.238095238,0.119047619,1.30952381,2.976190476,1.547619048
BHS,Bahamas,DR,0,0,0,0,0,0,0,0,0,0,0,0
BHR,Bahrain,DR,x,x,x,x,x,x,x,x,x,x,x,x
BGD,Bangladesh,DR,3.966666667,4.76,3.4,1.473333333,2.153333333,3.966666667,3.513333333,5.1,3.06,2.606666667,2.493333333,3.173333333
BRB,Barbados,DR,x,x,x,x,x,x,x,x,x,x,x,x
BLR,Belarus,DR,0,0,6.1,5.479661017,5.479661017,4.238983051,1.96440678,0.723728814,0,0,0,0
BEL,Belgium,DR,0,0,1,1,0.090909091,0,0,0,0,0,0,0
BLZ,Belize,DR,0,0,0,0,0.888888889,2,0.222222222,0,0,0,0,0
BEN,Benin,DR,0,0.02739726,0.780821918,1,0.808219178,0.424657534,0.287671233,0.205479452,0.726027397,0.479452055,0.123287671,0.02739726
BTN,Bhutan,DR,0,0,0,0,0,0,0,0,0,0,0,0
BOL,Bolivia,DR,0,0,0,0,0,0,0,0,0,0,0,0
BIH,Bosnia and Herzegovina,DR,0,0,0,0,0,0,0,0,0,0,0,0
BWA,Botswana,DR,8.461538462,9.384615385,9.384615385,8.307692308,8.461538462,3.846153846,0,0,0,0,7.230769231,10
BRA,Brazil,DR,0,0,0,0,0,0,0,0,0,0,0,0
BRN,Brunei Darussalam,DR,0,0,0,0,0,0,0,0,0,0,0,0
BGR,Bulgaria,DR,0,2.04,5.1,4.59,1.53,1.53,2.04,2.04,1.02,0,0,0
BFA,Burkina Faso,DR,0,0,0.196078431,0.745098039,2.156862745,3.215686275,3.882352941,4,2.31372549,1.098039216,0.549019608,0
BDI,Burundi,DR,0,0,0,0,0,0,0,0,0.375,3,1.5,0.75
CPV,Cabo Verde,DR,0,0,0,0,0,0,0,0,0,0,0,0
KHM,Cambodia,DR,0.533333333,0.471794872,0.235897436,1.117948718,2,1.743589744,1.066666667,0.871794872,0.8,0.738461538,0.482051282,0.38974359
CMR,Cameroon,DR,0,0,1.6,2,1.84,1.92,1.2,0.96,1.28,1.12,0.64,0.08
CAN,Canada,DR,0,0,2.028571429,7.1,5.68,4.462857143,2.332857143,0.912857143,0.405714286,0.304285714,0.405714286,0.101428571
CAF,Central African Republic,DR,0,0.071428571,1,0.821428571,0.642857143,0.071428571,0,0,0,0,0,0
TCD,Chad,DR,0,0,0,0.188481675,1.235602094,3.183246073,4,3.036649215,1.821989529,1.172774869,0.670157068,0.062827225
CHL,Chile,DR,0,0,0,0,0,0,0,0,0,0,0,0
CHN,China,DR,0,0,0,0,0,0,0,0,0,0,0,0
COL,Colombia,DR,0.53030303,0.484848485,0.606060606,0.893939394,1,0.666666667,0.227272727,0.287878788,0.53030303,0.424242424,0.46969697,0.484848485
COM,Comoros,DR,0,0,0,0,0,0,0,0,0,0,0,0
COG,Congo,DR,0.769230769,0.461538462,0.461538462,0.461538462,0.384615385,0.461538462,0.461538462,0.307692308,0.384615385,0.615384615,1,0.769230769
COD,Congo DR,DR,0.230769231,0.230769231,0.307692308,0.153846154,0,0,0,0.461538462,1,0.769230769,0.384615385,0.153846154
CRI,Costa Rica,DR,0,0,0,0,0,0,0,0,0,0,0,0
CIV,C™te d'Ivoire,DR,0.071428571,0.595238095,2,1.19047619,0.619047619,0.333333333,0.19047619,0.714285714,1.714285714,1.214285714,0.595238095,0.261904762
HRV,Croatia,DR,0,0,6.1,4.88,2.44,1.83,1.83,1.83,1.22,0,0,0
CUB,Cuba,DR,0.636363636,0.5,0,2.340909091,4,2.545454545,1.136363636,0.818181818,0.681818182,0.318181818,0.340909091,0.522727273
CYP,Cyprus,DR,3.709090909,4.172727273,5.1,3.709090909,1.390909091,0,0,0,0,0.927272727,4.172727273,4.172727273
CZE,Czech Republic,DR,0,0,3,2.61971831,2.323943662,2.028169014,1.816901408,0.971830986,0.802816901,0.887323944,0.76056338,0.169014085
DNK,Denmark,DR,0,0,1.333333333,4,2.666666667,1.333333333,1,0,0,0,0,0
DJI,Djibouti,DR,0,0,0,0,0,0,0,0,0,0,0,0
DMA,Dominica,DR,x,x,x,x,x,x,x,x,x,x,x,x
DOM,Dominican Republic,DR,0,0,0,2,1.333333333,1,1,1,1,1,1,0.333333333
ECU,Ecuador,DR,1.360544218,1.510204082,2,1.755102041,1.482993197,1.170068027,0.93877551,1.210884354,1.197278912,0.857142857,1.183673469,1.387755102
EGY,Egypt,DR,2.835211268,2.147887324,2.577464789,2.577464789,2.491549296,6.1,2.749295775,2.31971831,3.092957746,3.436619718,3.264788732,2.31971831
SLV,El Salvador,DR,0,0,0,1,0.916666667,0.166666667,0.083333333,0.138888889,0.083333333,0,0,0
GNQ,Equatorial Guinea,DR,0,0,0,0,0,0,0,0,0,0,0,0
ERI,Eritrea,DR,2.903225806,1.935483871,1.935483871,0.967741935,0,0.967741935,9.677419355,10,8.709677419,9.35483871,4.838709677,2.580645161
EST,Estonia,DR,0,0,0,0,0,0,0,0,0,0,0,0
ETH,Ethiopia,DR,0.110169492,0,0.622881356,1.563559322,2,1.86440678,1.584745763,1.093220339,0.63559322,0.453389831,0.326271186,0.190677966
FJI,Fiji,DR,0,0,0,0,0,0,0,0,0,0,0,0
FIN,Finland,DR,0,0,0,0,0,0,0,0,0,0,0,0
FRA,France,DR,1.46,1.34,3,1.82,1.06,0.4,0.06,0.2,0.34,0.76,1.28,1.18
GAB,Gabon,DR,1.2,2.1,2.4,1.2,0.6,1.8,1.8,0,0.3,2.1,2.7,3
GMB,Gambia,DR,0,0,0,0,0,0.666666667,1.733333333,2,1.2,0.4,0.4,0.266666667
GEO,Georgia,DR,0,0,4.491836735,7.1,5.506122449,3.984693878,2.463265306,0.507142857,0,0,0,0
DEU,Germany,DR,0,0,0.992125984,1,0.732283465,0.377952756,0.228346457,0.165354331,0.267716535,0.25984252,0.149606299,0.047244094
GHA,Ghana,DR,0.161290323,0.451612903,2,1.483870968,1.548387097,1.193548387,0.935483871,0.806451613,1.935483871,1.483870968,0.935483871,0.516129032
GRC,Greece,DR,2.492753623,3.47826087,4,3.710144928,2.434782609,0.753623188,0.52173913,0.695652174,1.043478261,2.434782609,3.072463768,2.782608696
GRD,Grenada,DR,x,x,x,x,x,x,x,x,x,x,x,x
GTM,Guatemala,DR,0,0,0,0,0,0,0,0,0,0,0,0
GIN,Guinea,DR,0,0,0.026315789,0.157894737,0.789473684,1,0.631578947,0.289473684,0,0,0,0
GNB,Guinea-Bissau,DR,0,0,0,0,0.043478261,1,0.913043478,0.130434783,0,0,0,0
GUY,Guyana,DR,2.653846154,3,0.923076923,0.692307692,1.846153846,1.730769231,1.846153846,0.692307692,0.346153846,0.346153846,0,1.153846154
HTI,Haiti,DR,0.017857143,0,0.196428571,0.803571429,1,0.642857143,0.125,0.107142857,0.196428571,0.089285714,0.125,0.107142857
HND,Honduras,DR,0,0,0,0.387096774,1,0.666666667,0.279569892,0.129032258,0.129032258,0.021505376,0,0
HUN,Hungary,DR,0,0,5.097260274,6.1,5.01369863,2.924657534,1.754794521,1.754794521,2.005479452,1.587671233,1.336986301,0.334246575
ISL,Iceland,DR,x,x,x,x,x,x,x,x,x,x,x,x
IND,India,DR,1.573770492,1.420765027,1.639344262,1.224043716,1.202185792,3.016393443,4,3.803278689,2.885245902,1.508196721,0.93989071,1.442622951
IDN,Indonesia,DR,0.915662651,0.740963855,0.518072289,0.313253012,0.102409639,0.030120482,0.018072289,0,0.012048193,0.162650602,0.879518072,1
IRN,Iran,DR,2.352118644,4.936864407,6.1,5.867372881,4.936864407,3.773728814,2.481355932,1.809322034,1.783474576,1.318220339,1.111440678,1.938559322
IRQ,Iraq,DR,3.210526316,4.173684211,5.687218045,6.1,2.706015038,0.045864662,0.366917293,1.054887218,1.696992481,1.926315789,2.384962406,2.247368421
IRL,Ireland,DR,0,0.5,0.5,1,0.166666667,0,0,0,0,0,0,0
ISR,Israel,DR,7.5,8.75,3.75,0,0,0,0,0,0,1.25,7.5,10
ITA,Italy,DR,1.714285714,2.257142857,4,3.114285714,1.857142857,0.914285714,0.142857143,0.114285714,0.771428571,1.371428571,1.542857143,1.828571429
JAM,Jamaica,DR,0,0,1,2,1.333333333,0.666666667,0,1.333333333,1,1,1,0
JPN,Japan,DR,0,0.108108108,1,0.918918919,0.576576577,0.234234234,0.036036036,0,0,0,0,0
JOR,Jordan,DR,8.461538462,7.5,9.230769231,10,5.384615385,0,0,0,0,0,1.538461538,6.730769231
KAZ,Kazakhstan,DR,0,2.123893805,9.469026549,10,8.14159292,7.433628319,7.256637168,7.433628319,7.433628319,6.725663717,5.132743363,0.619469027
KEN,Kenya,DR,2.219435737,0.614420063,1.717868339,4,2.344827586,1.768025078,1.36677116,0.890282132,0.677115987,1.504702194,2.244514107,2.119122257
KIR,Kiribati,DR,x,x,x,x,x,x,x,x,x,x,x,x
PRK,Korea DPR,DR,0,0,0,0,0,0,0,0,0,0,0,0
KOR,Korea Republic of,DR,0,0,0,0,0,0,0,0,0,0,0,0
KWT,Kuwait,DR,0,0,0,0,0,0,0,0,0,0,0,0
KGZ,Kyrgyzstan,DR,0,1.790163934,9.1,8.503278689,8.055737705,7.906557377,7.01147541,5.967213115,6.26557377,6.563934426,4.773770492,0
LAO,Lao PDR,DR,0,0,0,0,0,0,0,0,0,0,0,0
LVA,Latvia,DR,0,0,4,3.076923077,4,1.846153846,0.923076923,0,0,0,0,0
LBN,Lebanon,DR,4.707692308,5.1,4.315384615,3.138461538,2.353846154,2.353846154,1.569230769,0,0,2.746153846,3.923076923,5.1
LSO,Lesotho,DR,2.454545455,2.454545455,1.363636364,0.818181818,1.363636364,0.272727273,0,0,0,0.272727273,3,2.454545455
LBR,Liberia,DR,0,0,0.15625,0.1875,0.09375,0,0,0.0625,0.75,1,0.625,0.1875
LBY,Libya,DR,7.5,8.870967742,10,8.225806452,0.967741935,0,0,0,0,0.483870968,3.629032258,5.806451613
LIE,Liechtenstein,DR,x,x,x,x,x,x,x,x,x,x,x,x
LTU,Lithuania,DR,0,0.396116505,5.1,4.703883495,4.555339806,3.565048544,2.574757282,1.683495146,0.495145631,0.049514563,0,0
LUX,Luxembourg,DR,0,0,0,0,0,0,0,0,0,0,0,0
MDG,Madagascar,DR,0.748031496,0.511811024,0.37007874,0.322834646,0.251968504,0.244094488,0.228346457,0.102362205,0,0,0.645669291,1
MWI,Malawi,DR,2.6,1.9,0.8,0.2,0,0,0,0,0,0,0.2,3
MYS,Malaysia,DR,2,1.081081081,1.189189189,0.540540541,0.594594595,0.648648649,0.216216216,0,0.054054054,0.324324324,1.351351351,1.891891892
MDV,Maldives,DR,x,x,x,x,x,x,x,x,x,x,x,x
MLI,Mali,DR,0,0,0,0.171428571,0.685714286,2.142857143,3,2.228571429,0.771428571,0.257142857,0.257142857,0
MLT,Malta,DR,x,x,x,x,x,x,x,x,x,x,x,x
MHL,Marshall Islands,DR,x,x,x,x,x,x,x,x,x,x,x,x
MRT,Mauritania,DR,0,0,0,0,0,0,7.333333333,10,6.666666667,6.666666667,2.333333333,0
MUS,Mauritius,DR,0,0,0,0,0,0,0,0,0,0,0,0
MEX,Mexico,DR,0.143939394,0.166666667,0.310606061,0.314393939,0.636363636,1,0.833333333,0.602272727,0.378787879,0.257575758,0.234848485,0.162878788
FSM,Micronesia,DR,x,x,x,x,x,x,x,x,x,x,x,x
MDA,Moldova Republic of,DR,0,0,7.1,5.522222222,4.733333333,5.522222222,7.1,6.311111111,4.733333333,3.155555556,0.788888889,0.788888889
MNG,Mongolia,DR,0,0,8.1,5.729268293,2.765853659,4.346341463,7.507317073,7.902439024,5.531707317,3.16097561,0.197560976,0
MNE,Montenegro,DR,0,0,3.666666667,4,2.333333333,0.666666667,0,0,0,0,0,0
MAR,Morocco,DR,8.360162602,7.842276423,7.250406504,7.324390244,6.436585366,1.331707317,0,0,0.369918699,2.811382114,7.176422764,9.1
MOZ,Mozambique,DR,4.664705882,2.810784314,1.674509804,1.016666667,0.77745098,0.717647059,0.239215686,0,0,0.299019608,3.947058824,6.1
MMR,Myanmar,DR,0.571428571,0.53968254,0.666666667,1.222222222,2,1.984126984,1.603174603,1.873015873,1.53968254,0.73015873,0.349206349,0.365079365
NAM,Namibia,DR,9.1,7.8,5.308333333,2.708333333,3.033333333,0.758333333,0,0,0,0.433333333,6.716666667,8.883333333
NRU,Nauru,DR,x,x,x,x,x,x,x,x,x,x,x,x
NPL,Nepal,DR,0.358974359,0.615384615,0.666666667,0.41025641,1.333333333,2,1.692307692,1.333333333,0.461538462,0.051282051,0,0.102564103
NLD,Netherlands,DR,0,0,0.6,1,0.6,0,0,0,0,0,0,0
NZL,New Zealand,DR,0.022222222,0.022222222,1.422222222,2,1.2,0.844444444,0.533333333,0.244444444,0.066666667,0,0,0
NIC,Nicaragua,DR,0.01459854,0,0,0.160583942,1.98540146,2,1.270072993,0.817518248,0.686131387,0.350364964,0.116788321,0.058394161
NER,Niger,DR,0,0,0,0,0,0.4,3.2,4,3.6,2.4,1.76,0.8
NGA,Nigeria,DR,0.011111111,0.044444444,0.872222222,0.872222222,0.777777778,0.8,0.722222222,0.683333333,1,0.477777778,0.155555556,0.038888889
NOR,Norway,DR,0,0,0,0,0,0,0,0,0,0,0,0
OMN,Oman,DR,0,0,0,0,0,0,0,0,0,0,0,0
PAK,Pakistan,DR,4.575,4.792857143,4.683928571,4.030357143,2.614285714,2.723214286,6.1,4.357142857,2.941071429,2.723214286,2.505357143,3.703571429
PLW,Palau,DR,x,x,x,x,x,x,x,x,x,x,x,x
PSE,Palestine,DR,0,0,0,0,0,0,0,0,0,0,0,0
PAN,Panama,DR,0.028169014,0,0,0.450704225,1,0.76056338,0.366197183,0.281690141,0.154929577,0.309859155,0.281690141,0
PNG,Papua New Guinea,DR,0,0,0,0,0,0,0,0,0,0,0,0
PRY,Paraguay,DR,0,0,0,0,0,0,0,0,0,0,0,0
PER,Peru,DR,2.637931034,2.017241379,2.094827586,1.681034483,1.189655172,1.060344828,0.75,0.775862069,0.75,0.905172414,2.198275862,3
PHL,Philippines,DR,0.153846154,0.098901099,0.153846154,0.505494505,1,0.648351648,0.285714286,0.087912088,0.043956044,0.021978022,0,0.065934066
POL,Poland,DR,0,0.056962025,2.259493671,3,2.67721519,1.272151899,0.607594937,0.227848101,0.037974684,0,0,0.037974684
PRT,Portugal,DR,3.272727273,3.272727273,3.272727273,4,2.181818182,1.090909091,0,0,0.363636364,2.181818182,2.545454545,2.909090909
QAT,Qatar,DR,0,0,0,0,0,0,0,0,0,0,0,0
ROU,Romania,DR,0,0.445137157,5.1,5.036408978,3.866334165,2.734413965,2.467331671,2.403740648,2.034912718,1.513466334,1.068329177,0.216209476
RUS,Russian Federation,DR,0,0,0,0,0,0,0,0,0,0,0,0
RWA,Rwanda,DR,0.615384615,0,0.923076923,0.923076923,0.615384615,0,0,0,1.538461538,4,2.461538462,0.615384615
KNA,Saint Kitts and Nevis,DR,x,x,x,x,x,x,x,x,x,x,x,x
LCA,Saint Lucia,DR,x,x,x,x,x,x,x,x,x,x,x,x
VCT,Saint Vincent and the Grenadines,DR,x,x,x,x,x,x,x,x,x,x,x,x
WSM,Samoa,DR,x,x,x,x,x,x,x,x,x,x,x,x
STP,Sao Tome and Principe,DR,x,x,x,x,x,x,x,x,x,x,x,x
SAU,Saudi Arabia,DR,5.0625,3.760714286,2.603571429,4.339285714,4.05,6.364285714,8.1,6.942857143,7.0875,7.0875,6.219642857,5.930357143
SEN,Senegal,DR,0.142857143,0,0.071428571,0.357142857,0.785714286,2.928571429,8.214285714,10,8.5,6.428571429,5,1.785714286
SRB,Serbia,DR,0,0,4.25,5.1,3.4,1.275,1.275,1.275,0.85,1.275,0.425,0
SYC,Seychelles,DR,x,x,x,x,x,x,x,x,x,x,x,x
SLE,Sierra Leone,DR,0,0,0,0,0,0,0,0,0,0,0,0
SGP,Singapore,DR,x,x,x,x,x,x,x,x,x,x,x,x
SVK,Slovakia,DR,0,0,3.294117647,4,3.717647059,2.776470588,1.505882353,1.082352941,1.035294118,0.847058824,0.8,0.282352941
SVN,Slovenia,DR,0,0,3,1.846153846,0.230769231,0,0,0,0,0,0,0
SLB,Solomon Islands,DR,0,0,0,0,0,0,0,0,0,0,0,0
SOM,Somalia,DR,7.530864198,0.987654321,1.234567901,5.802469136,9.259259259,9.75308642,6.913580247,5.802469136,2.098765432,9.382716049,10,9.382716049
ZAF,South Africa,DR,8.941176471,8.117647059,7.294117647,6.588235294,6.470588235,4.705882353,2.235294118,1.764705882,3.058823529,6.705882353,10,9.764705882
SSD,South Sudan,DR,0,0,0.705882353,1.176470588,1.647058824,2,1.764705882,0.970588235,0.794117647,0.617647059,0.617647059,0.235294118
ESP,Spain,DR,3.155963303,3.706422018,4,3.743119266,3.52293578,2.055045872,0.366972477,0.330275229,0.880733945,2.311926606,2.348623853,2.642201835
LKA,Sri Lanka,DR,0,0,0,0,0,0,0,0,0,0,0,0
SDN,Sudan,DR,1.470535714,1.307142857,1.307142857,0.816964286,0.38125,1.198214286,3.267857143,5.228571429,6.1,5.664285714,4.683928571,2.2875
SUR,Suriname,DR,0,0,0,0,0,0,0,0,0,0,0,0
SWZ,Swaziland,DR,0,0,0,0,0,0,0,0,0,0,0,0
SWE,Sweden,DR,0,0.094594595,2.837837838,3,2.702702703,1.783783784,1.324324324,0.837837838,0.189189189,0.040540541,0,0
CHE,Switzerland,DR,0,0,1,0.833333333,0.25,0,0,0,0,0,0,0
SYR,Syria,DR,4.528301887,5.566037736,7.452830189,9.716981132,10,1.320754717,0.943396226,1.320754717,1.509433962,2.924528302,3.962264151,4.056603774
TJK,Tajikistan,DR,0,4.857142857,8,8.857142857,10,7.714285714,4.285714286,3.428571429,1.714285714,0.857142857,0.857142857,0
TZA,Tanzania,DR,1.557603687,1.041474654,1.124423963,0.976958525,0.755760369,0.562211982,0.258064516,0.046082949,0.175115207,0.599078341,1.834101382,2
THA,Thailand,DR,0.572043011,0.683870968,1.053763441,1.625806452,2,1.978494624,1.772043011,1.535483871,1.144086022,0.709677419,0.503225806,0.606451613
MKD,The former Yugoslav Republic of Macedonia,DR,0,0,0,0,0,0,0,0,0,0,0,0
TLS,Timor-Leste,DR,0,0,0,0,0,0,0,0,0,0,0,0
TGO,Togo,DR,0,0.523809524,2,1.666666667,1.333333333,0.666666667,0.571428571,0.666666667,0.80952381,0.19047619,0.047619048,0
TON,Tonga,DR,x,x,x,x,x,x,x,x,x,x,x,x
TTO,Trinidad and Tobago,DR,0,0,0,0,0,0,0,0,0,0,0,0
TUN,Tunisia,DR,8.402366864,8.639053254,9.112426036,10,8.284023669,0.473372781,0,0,0.532544379,3.49112426,7.514792899,8.343195266
TUR,Turkey,DR,1.585935484,2.441419355,4.613032258,5.1,4.606451613,4.033935484,3.099483871,1.842580645,1.539870968,1.085806452,1.316129032,1.44116129
TKM,Turkmenistan,DR,0,1.633333333,5.366666667,7.7,9.1,8.4,5.833333333,4.9,3.733333333,3.5,2.8,0
TUV,Tuvalu,DR,x,x,x,x,x,x,x,x,x,x,x,x
UGA,Uganda,DR,1,0,2.75,3,1.6875,0.875,0.5625,1,1.8125,1.3125,0.9375,0.875
UKR,Ukraine,DR,0,0.55245283,6.1,4.833962264,4.258490566,3.54490566,2.923396226,2.301886792,1.312075472,0.575471698,0.184150943,0.023018868
ARE,United Arab Emirates,DR,0,0,0.81,3.24,8.1,3.24,0,0,1.62,0,0,0
GBR,United Kingdom,DR,0,0.105263158,0.947368421,1,0.578947368,0.368421053,0.210526316,0,0,0.052631579,0.105263158,0
USA,United States of America,DR,3.480225989,4,3.502824859,3.299435028,2.576271186,1.830508475,2.779661017,3.096045198,1.943502825,0.700564972,0.542372881,2.079096045
URY,Uruguay,DR,0.243902439,1.146341463,2.731707317,3,2.87804878,2.219512195,1.658536585,1.829268293,1.390243902,0.780487805,0.317073171,0.195121951
UZB,Uzbekistan,DR,0.81300813,3.821138211,9.105691057,10,9.593495935,7.398373984,5.528455285,6.097560976,4.634146341,2.601626016,1.056910569,0.650406504
VUT,Vanuatu,DR,0,0,0,0,0,0,0,0,0,0,0,0
VEN,Venezuela,DR,0.369747899,0.453781513,0.235294118,1.142857143,2,1.697478992,1.478991597,1.226890756,0.840336134,0.554621849,0.537815126,0.504201681
VNM,Viet Nam,DR,0,0,0,0,0,0,0,0,0,0,0,0
YEM,Yemen,DR,1.295238095,1.457142857,0.647619048,0.971428571,1.052380952,1.214285714,1.7,3.723809524,5.1,4.371428571,1.942857143,1.619047619
ZMB,Zambia,DR,0.735849057,0.396226415,0.169811321,0,0,0,0,0,0,0.150943396,0.943396226,1
ZWE,Zimbabwe,DR,7.5,5.875,4.375,4.875,5,3.375,0,0,0,0,6.125,10
AFG,Afghanistan,TC,0,0,0,0,0,0,0,0,0,0,0,0
ALB,Albania,TC,0,0,0,0,0,0,0,0,0,0,0,0
DZA,Algeria,TC,0,0,0,0,0,0,0,0,0,0,0,0
AGO,Angola,TC,0,0,0,0,0,0,0,0,0,0,0,0
ATG,Antigua and Barbuda,TC,0.1,0,0,0,0,0.1,1.6,2.9,8.4,5,1.2,0.2
ARG,Argentina,TC,0,0,0,0,0,0,0,0,0,0,0,0
ARM,Armenia,TC,0,0,0,0,0,0,0,0,0,0,0,0
AUS,Australia,TC,1.9,4.8,4.6,2.3,0.4,0.1,0,0,0,0.2,0.6,2.7
AUT,Austria,TC,0,0,0,0,0,0,0,0,0,0,0,0
AZE,Azerbaijan,TC,0,0,0,0,0,0,0,0,0,0,0,0
BHS,Bahamas,TC,0.1,0,0,0,0,0.1,1.8,3.2,8.8,5.5,1.3,0.2
BHR,Bahrain,TC,0,0,0,0,0,0,0,0,0,0,0,0
BGD,Bangladesh,TC,0,0,0,0,0.9,5,0,0.8,1,3.1,6.2,3.6
BRB,Barbados,TC,0.1,0,0,0,0,0.1,0.9,1.7,4.6,2.8,0.7,0.1
BLR,Belarus,TC,0,0,0,0,0,0,0,0,0,0,0,0
BEL,Belgium,TC,0,0,0,0,0,0,0,0,0,0,0,0
BLZ,Belize,TC,0.1,0,0,0,0,0.1,1.4,2.6,7.2,4.3,1.1,0.2
BEN,Benin,TC,0,0,0,0,0,0,0,0,0,0,0,0
BTN,Bhutan,TC,0,0,0,0,0,0,0,0,0,0,0,0
BOL,Bolivia,TC,0,0,0,0,0,0,0,0,0,0,0,0
BIH,Bosnia and Herzegovina,TC,0,0,0,0,0,0,0,0,0,0,0,0
BWA,Botswana,TC,0,0,0,0,0,0,0,0,0,0,0,0
BRA,Brazil,TC,0,0,0,0,0,0,0,0,0,0,0,0
BRN,Brunei Darussalam,TC,0,0,0,0,0,0,0,0,0,0,0,0
BGR,Bulgaria,TC,0,0,0,0,0,0,0,0,0,0,0,0
BFA,Burkina Faso,TC,0,0,0,0,0,0,0,0,0,0,0,0
BDI,Burundi,TC,0,0,0,0,0,0,0,0,0,0,0,0
CPV,Cabo Verde,TC,0,0,0,0,0,0,0,0,0,0,0,0
KHM,Cambodia,TC,0.1,0.1,0.3,0.4,0.8,0.8,2.3,3.3,4,2.7,1.4,0.7
CMR,Cameroon,TC,0,0,0,0,0,0,0,0,0,0,0,0
CAN,Canada,TC,0,0,0,0,0.1,0.2,0.7,1.1,1.9,2,0.9,0.2
CAF,Central African Republic,TC,0,0,0,0,0,0,0,0,0,0,0,0
TCD,Chad,TC,0,0,0,0,0,0,0,0,0,0,0,0
CHL,Chile,TC,0,0,0,0,0,0,0,0,0,0,0,0
CHN,China,TC,0.2,0.2,0.6,0.8,1.6,2.2,4.2,6.3,8.1,5.9,3.6,2
COL,Colombia,TC,0,0,0,0,0,0,0.8,1.5,4.1,2.5,0.6,0.1
COM,Comoros,TC,1,2.9,2.8,1.5,0.2,0.1,0,0,0,0.1,0.4,2
COG,Congo,TC,0,0,0,0,0,0,0,0,0,0,0,0
COD,Congo DR,TC,0,0,0,0,0,0,0,0,0,0,0,0
CRI,Costa Rica,TC,0,0,0,0,0,0,0.4,0.7,1.9,1.2,0.3,0.1
CIV,C™te d'Ivoire,TC,0,0,0,0,0,0,0,0,0,0,0,0
HRV,Croatia,TC,0,0,0,0,0,0,0,0,0,0,0,0
CUB,Cuba,TC,0.1,0,0,0,0,0.1,1.5,2.7,8,4.7,1.1,0.1
CYP,Cyprus,TC,0,0,0,0,0,0,0,0,0,0,0,0
CZE,Czech Republic,TC,0,0,0,0,0,0,0,0,0,0,0,0
DNK,Denmark,TC,0,0,0,0,0,0,0,0,0,0,0,0
DJI,Djibouti,TC,0,0,0,0,0,0,0,0,0,0,0,0
DMA,Dominica,TC,0.1,0,0,0,0,0.1,1.4,2.6,7.6,4.5,1.1,0.2
DOM,Dominican Republic,TC,0.1,0,0,0,0,0.1,1.4,2.7,7.9,4.6,1,0.1
ECU,Ecuador,TC,0,0,0,0,0,0,0,0,0,0,0,0
EGY,Egypt,TC,0,0,0,0,0,0,0,0,0,0,0,0
SLV,El Salvador,TC,0.1,0,0,0,0.3,1.2,2.2,3.3,3.7,2.2,0.4,0
GNQ,Equatorial Guinea,TC,0,0,0,0,0,0,0,0,0,0,0,0
ERI,Eritrea,TC,0,0,0,0,0,0,0,0,0,0,0,0
EST,Estonia,TC,0,0,0,0,0,0,0,0,0,0,0,0
ETH,Ethiopia,TC,0,0,0,0,0,0,0,0,0,0,0,0
FJI,Fiji,TC,1,3.1,2.9,1.3,0.3,0.1,0,0,0,0.1,0.4,1.8
FIN,Finland,TC,0,0,0,0,0,0,0,0,0,0,0,0
FRA,France,TC,0,0,0,0,0,0,0,0,0,0,0,0
GAB,Gabon,TC,0,0,0,0,0,0,0,0,0,0,0,0
GMB,Gambia,TC,0,0,0,0,0,0,0,0,0,0,0,0
GEO,Georgia,TC,0,0,0,0,0,0,0,0,0,0,0,0
DEU,Germany,TC,0,0,0,0,0,0,0,0,0,0,0,0
GHA,Ghana,TC,0,0,0,0,0,0,0,0,0,0,0,0
GRC,Greece,TC,0,0,0,0,0,0,0,0,0,0,0,0
GRD,Grenada,TC,0,0,0,0,0,0,0.3,0.6,1.7,1.1,0.3,0
GTM,Guatemala,TC,0.1,0,0,0,0.1,0.4,1.3,2.1,3.6,3.3,1.4,0.2
GIN,Guinea,TC,0,0,0,0,0,0,0,0,0,0,0,0
GNB,Guinea-Bissau,TC,0,0,0,0,0,0,0,0,0,0,0,0
GUY,Guyana,TC,0,0,0,0,0,0,0,0,0,0,0,0
HTI,Haiti,TC,0.1,0,0,0,0,0.1,1.4,2.5,7.2,4.3,1,0.1
HND,Honduras,TC,0.1,0,0,0,0.1,0.4,1.3,2.1,3.7,3.3,1.4,0.2
HUN,Hungary,TC,0,0,0,0,0,0,0,0,0,0,0,0
ISL,Iceland,TC,0,0,0,0,0,0,0,0,0,0,0,0
IND,India,TC,0,0,0,0,0.8,5.1,0,0.7,1,3,6.7,3.6
IDN,Indonesia,TC,2.4,5.8,6.1,3.2,1.4,1.2,3.1,4.4,5.5,4,2.6,4.3
IRN,Iran,TC,0,0,0,0,0,0,0,0,0,0,0,0
IRQ,Iraq,TC,0,0,0,0,0,0,0,0,0,0,0,0
IRL,Ireland,TC,0,0,0,0,0,0,0,0,0,0,0,0
ISR,Israel,TC,0,0,0,0,0,0,0,0,0,0,0,0
ITA,Italy,TC,0,0,0,0,0,0,0,0,0,0,0,0
JAM,Jamaica,TC,0.1,0,0,0,0,0.1,1.5,2.7,7.2,4.5,1.1,0.1
JPN,Japan,TC,0.3,0.2,0.8,1.2,2.2,2.4,6.2,8.4,10,7.3,3.9,2.1
JOR,Jordan,TC,0,0,0,0,0,0,0,0,0,0,0,0
KAZ,Kazakhstan,TC,0,0,0,0,0,0,0,0,0,0,0,0
KEN,Kenya,TC,0,0,0,0,0,0,0,0,0,0,0,0
KIR,Kiribati,TC,0,0,0,0,0,0,0,0,0,0,0,0
PRK,Korea DPR,TC,0.2,0.2,0.5,0.7,1.3,1.4,3.7,5.3,6.5,4.5,2.3,1.2
KOR,Korea Republic of,TC,0.2,0.2,0.6,1,1.6,1.8,4.6,6.8,8.5,5.6,2.8,1.5
KWT,Kuwait,TC,0,0,0,0,0,0,0,0,0,0,0,0
KGZ,Kyrgyzstan,TC,0,0,0,0,0,0,0,0,0,0,0,0
LAO,Lao PDR,TC,0.1,0.1,0.3,0.4,0.6,0.7,1.7,2.6,3.3,2.1,1,0.5
LVA,Latvia,TC,0,0,0,0,0,0,0,0,0,0,0,0
LBN,Lebanon,TC,0,0,0,0,0,0,0,0,0,0,0,0
LSO,Lesotho,TC,0,0,0,0,0,0,0,0,0,0,0,0
LBR,Liberia,TC,0,0,0,0,0,0,0,0,0,0,0,0
LBY,Libya,TC,0,0,0,0,0,0,0,0,0,0,0,0
LIE,Liechtenstein,TC,0,0,0,0,0,0,0,0,0,0,0,0
LTU,Lithuania,TC,0,0,0,0,0,0,0,0,0,0,0,0
LUX,Luxembourg,TC,0,0,0,0,0,0,0,0,0,0,0,0
MDG,Madagascar,TC,2.8,7.2,7,4.1,0.6,0.1,0,0,0,0.2,1.1,5.1
MWI,Malawi,TC,0.3,0.7,0.7,0.5,0.1,0.1,0,0,0,0.1,0.1,0.5
MYS,Malaysia,TC,0.1,0.1,0.2,0.2,0.5,0.5,1.7,2.3,2.9,2.1,1.1,0.6
MDV,Maldives,TC,0,0,0,0,0,0,0,0,0,0,0,0
MLI,Mali,TC,0,0,0,0,0,0,0,0,0,0,0,0
MLT,Malta,TC,0,0,0,0,0,0,0,0,0,0,0,0
MHL,Marshall Islands,TC,0,0,0.1,0.1,0.1,0.2,0.2,0.4,0.4,0.2,0.2,0.1
MRT,Mauritania,TC,0,0,0,0,0,0,0,0,0,0,0,0
MUS,Mauritius,TC,2.4,6.8,6.7,3.4,0.5,0.1,0,0,0,0.2,0.9,4.5
MEX,Mexico,TC,0.1,0,0,0,0.2,0.6,2.3,3.5,6.5,6,2.7,0.4
FSM,Micronesia,TC,0,0,0,0,0,0,0,0,0,0,0,0
MDA,Moldova Republic of,TC,0,0,0,0,0,0,0,0,0,0,0,0
MNG,Mongolia,TC,0,0,0,0,0,0,0,0,0,0,0,0
MNE,Montenegro,TC,0,0,0,0,0,0,0,0,0,0,0,0
MAR,Morocco,TC,0,0,0,0,0,0,0,0,0,0,0,0
MOZ,Mozambique,TC,2,5.1,4.8,2.9,0.4,0.1,0,0,0,0.1,0.7,3.5
MMR,Myanmar,TC,0.1,0.1,0.4,0.5,1.2,1.6,3.2,4.5,5.6,4.3,2.7,1.5
NAM,Namibia,TC,0,0,0,0,0,0,0,0,0,0,0,0
NRU,Nauru,TC,0,0,0,0,0,0,0,0,0,0,0,0
NPL,Nepal,TC,0,0,0,0,0,0,0,0,0,0,0,0
NLD,Netherlands,TC,0,0,0,0,0,0,0,0,0,0,0,0
NZL,New Zealand,TC,1.2,2.9,2.7,1.8,0.3,0.1,0,0,0,0.1,0.5,2
NIC,Nicaragua,TC,0,0,0,0,0.1,0.4,1.2,1.8,3.1,2.6,1,0.1
NER,Niger,TC,0,0,0,0,0,0,0,0,0,0,0,0
NGA,Nigeria,TC,0,0,0,0,0,0,0,0,0,0,0,0
NOR,Norway,TC,0,0,0,0,0,0,0,0,0,0,0,0
OMN,Oman,TC,0,0,0,0,0.6,2.2,0,0,0,1.5,3.2,2.2
PAK,Pakistan,TC,0,0,0,0,0.6,2.6,0,0.3,0.3,1.8,3.6,2.2
PLW,Palau,TC,0.2,0.1,0.3,0.5,0.9,1,2.6,3.7,4.9,3.1,1.6,0.8
PSE,Palestine,TC,0,0,0,0,0,0,0,0,0,0,0,0
PAN,Panama,TC,0,0,0,0,0,0,0,0,0,0,0,0
PNG,Papua New Guinea,TC,1.2,2.6,2.5,1.4,0.3,0.1,0,0,0,0.1,0.4,1.5
PRY,Paraguay,TC,0,0,0,0,0,0,0,0,0,0,0,0
PER,Peru,TC,0,0,0,0,0,0,0,0,0,0,0,0
PHL,Philippines,TC,0.3,0.2,0.8,1.2,2.1,2.2,5.8,7.9,9.5,6.8,3.7,2
POL,Poland,TC,0,0,0,0,0,0,0,0,0,0,0,0
PRT,Portugal,TC,0,0,0,0,0,0,0.1,0.1,0.3,0.2,0.1,0
QAT,Qatar,TC,0,0,0,0,0,0,0,0,0,0,0,0
ROU,Romania,TC,0,0,0,0,0,0,0,0,0,0,0,0
RUS,Russian Federation,TC,0.1,0.1,0.3,0.4,0.7,0.8,2,3,3.8,2.5,1.3,0.6
RWA,Rwanda,TC,0,0,0,0,0,0,0,0,0,0,0,0
KNA,Saint Kitts and Nevis,TC,0.1,0,0,0,0,0.1,1.2,2.2,6.9,4,0.9,0.1
LCA,Saint Lucia,TC,0.1,0,0,0,0,0.1,1,1.7,4.7,2.9,0.7,0.1
VCT,Saint Vincent and the Grenadines,TC,0.1,0,0,0,0,0.1,0.9,1.6,4.3,2.7,0.7,0.1
WSM,Samoa,TC,1.3,4.4,4,1.7,0.3,0.1,0,0,0,0.1,0.4,2.3
STP,Sao Tome and Principe,TC,0,0,0,0,0,0,0,0,0,0,0,0
SAU,Saudi Arabia,TC,0,0,0,0,0,0,0,0,0,0,0,0
SEN,Senegal,TC,0,0,0,0,0,0,0,0,0,0,0,0
SRB,Serbia,TC,0,0,0,0,0,0,0,0,0,0,0,0
SYC,Seychelles,TC,0,0,0,0,0,0,0,0,0,0,0,0
SLE,Sierra Leone,TC,0,0,0,0,0,0,0,0,0,0,0,0
SGP,Singapore,TC,0,0,0,0,0,0,0,0,0,0,0,0
SVK,Slovakia,TC,0,0,0,0,0,0,0,0,0,0,0,0
SVN,Slovenia,TC,0,0,0,0,0,0,0,0,0,0,0,0
SLB,Solomon Islands,TC,1.9,4.1,4,2.1,0.4,0.1,0,0,0,0.2,0.6,2.5
SOM,Somalia,TC,0.4,1,0.9,0.6,0.1,0,0,0,0,0,0.2,0.7
ZAF,South Africa,TC,0.2,0.4,0.4,0.3,0.1,0,0,0,0,0,0.1,0.3
SSD,South Sudan,TC,0,0,0,0,0,0,0,0,0,0,0,0
ESP,Spain,TC,0,0,0,0,0,0,0,0,0,0,0,0
LKA,Sri Lanka,TC,0,0,0,0,0.6,2.4,0,0,0,1.7,3.6,2.4
SDN,Sudan,TC,0,0,0,0,0,0,0,0,0,0,0,0
SUR,Suriname,TC,0,0,0,0,0,0,0,0,0,0,0,0
SWZ,Swaziland,TC,0.1,0.2,0.1,0.1,0,0,0,0,0,0,0,0.1
SWE,Sweden,TC,0,0,0,0,0,0,0,0,0,0,0,0
CHE,Switzerland,TC,0,0,0,0,0,0,0,0,0,0,0,0
SYR,Syria,TC,0,0,0,0,0,0,0,0,0,0,0,0
TJK,Tajikistan,TC,0,0,0,0,0,0,0,0,0,0,0,0
TZA,Tanzania,TC,0.4,0.8,0.7,0.5,0.1,0,0,0,0,0,0.2,0.6
THA,Thailand,TC,0.1,0.1,0.4,0.5,0.9,1.4,2.7,3.9,4.9,3.6,2.2,1.2
MKD,The former Yugoslav Republic of Macedonia,TC,0,0,0,0,0,0,0,0,0,0,0,0
TLS,Timor-Leste,TC,1.4,3.6,3.5,2.1,0.4,0.1,0,0,0,0.2,0.6,2.6
TGO,Togo,TC,0,0,0,0,0,0,0,0,0,0,0,0
TON,Tonga,TC,1.8,6.2,5.6,2.2,0.4,0.1,0,0,0,0.2,0.5,3.1
TTO,Trinidad and Tobago,TC,0,0,0,0,0,0,0.5,0.9,2.4,1.5,0.4,0.1
TUN,Tunisia,TC,0,0,0,0,0,0,0,0,0,0,0,0
TUR,Turkey,TC,0,0,0,0,0,0,0,0,0,0,0,0
TKM,Turkmenistan,TC,0,0,0,0,0,0,0,0,0,0,0,0
TUV,Tuvalu,TC,0,0,0,0,0,0,0,0,0,0,0,0
UGA,Uganda,TC,0,0,0,0,0,0,0,0,0,0,0,0
UKR,Ukraine,TC,0,0,0,0,0,0,0,0,0,0,0,0
ARE,United Arab Emirates,TC,0,0,0,0,0,0,0,0,0,0,0,0
GBR,United Kingdom,TC,0,0,0,0,0,0,0,0,0,0,0,0
USA,United States of America,TC,0.1,0.1,0.1,0.2,0.5,0.8,2.6,4.1,6.8,5.4,2.2,0.6
URY,Uruguay,TC,0,0,0,0,0,0,0,0,0,0,0,0
UZB,Uzbekistan,TC,0,0,0,0,0,0,0,0,0,0,0,0
VUT,Vanuatu,TC,2,4.4,4.3,2.3,0.4,0.1,0,0,0,0.2,0.6,2.7
VEN,Venezuela,TC,0,0,0,0,0,0,0,0,0,0,0,0
VNM,Viet Nam,TC,0.2,0.2,0.6,0.8,1.5,1.6,4.5,6.3,7.9,5.4,2.8,1.5
YEM,Yemen,TC,0,0,0,0,0,0,0,0,0,0,0,0
ZMB,Zambia,TC,0,0,0,0,0,0,0,0,0,0,0,0
ZWE,Zimbabwe,TC,0.2,0.4,0.4,0.3,0.1,0,0,0,0,0,0.1,0.3
ABW,ABW,HW,0,0,0,0,0,0,0,0,0,0,0,0
AFG,Afghanistan,HW,0,0,0,0,0,0,1.2,0.46,0,0,0,0
AGO,Angola,HW,0,0,0,0,0,0,0,0,0.5133,0.1,0,0
AIA,AIA,HW,0,0,0,0,0,0,0,0,0,0,0,0
ALA,ALA,HW,0,0,0,0,0,0,0,0,0,0,0,0
ALB,Albania,HW,0,0,0,0,0,0,0,0,0,0,0,0
AND,AND,HW,0,0,0,0,0,0,0,0,0,0,0,0
ARE,United Arab Emirates,HW,0,0,0,2.9933,6.2133,7.64,8.26,8.14,6.5133,3.7867,0.0133,0
ARG,Argentina,HW,0,0,0,0,0,0,0,0,0,0,0,0
ARM,Armenia,HW,0,0,0,0,0,0,0,0,0,0,0,0
ASM,ASM,HW,0,0,0,0,0,0,0,0,0,0,0,0
ATF,ATF,HW,0,0,0,0,0,0,0,0,0,0,0,0
ATG,Antigua and Barbuda,HW,0,0,0,0,0,0,0,0,0,0,0,0
AUS,Australia,HW,2.8467,2.2867,1.16,0,0,0,0,0,0,0.0733,1.6267,2.5867
AUT,Austria,HW,0,0,0,0,0,0,0,0,0,0,0,0
AZE,Azerbaijan,HW,0,0,0,0,0,0,0,0,0,0,0,0
BDI,Burundi,HW,0,0,0,0,0,0,0,0,0,0,0,0
BEL,Belgium,HW,0,0,0,0,0,0,0,0,0,0,0,0
BEN,Benin,HW,2.3867,3.7,4.4733,3.98,2.5867,1.0533,0,0,0,1.48,2.66,2.32
BES,BES,HW,0,0,0,0,0,0,0,0,0,0,0,0
BFA,Burkina Faso,HW,1.8267,3.6467,5.2933,5.8,4.9133,3.1467,1.2067,0.1667,1.0133,3.02,3.5133,2.0667
BGD,Bangladesh,HW,0,0,1.1267,1.92,1.5667,1.0533,0.5467,0.6667,0.6867,0.3267,0,0
BGR,Bulgaria,HW,0,0,0,0,0,0,0,0,0,0,0,0
BHR,Bahrain,HW,0,0,0,0,0,1.78,2.9333,3.3467,2.36,0.4333,0,0
BHS,Bahamas,HW,0,0,0,0,0,0,0,0,0,0,0,0
BIH,Bosnia and Herzegovina,HW,0,0,0,0,0,0,0,0,0,0,0,0
BLM,BLM,HW,0,0,0,0,0,0,0,0,0,0,0,0
BLR,Belarus,HW,0,0,0,0,0,0,0,0,0,0,0,0
BLZ,Belize,HW,0,0,0,0.58,0.9667,0.42,0.1333,0.3867,0.2533,0,0,0
BMU,BMU,HW,0,0,0,0,0,0,0,0,0,0,0,0
BOL,Bolivia,HW,0,0,0,0,0,0,0,0,0,0,0,0
BRA,Brazil,HW,0,0,0,0,0,0,0,0.3533,0.9933,0.9667,0.4733,0.0333
BRB,Barbados,HW,0,0,0,0,0,0,0,0,0,0,0,0
BRN,Brunei Darussalam,HW,0,0,0.1067,0.4533,0.5333,0.48,0.3867,0.4267,0.2933,0.0933,0,0
BTN,Bhutan,HW,0,0,0,0,0,0,0,0,0,0,0,0
BVT,BVT,HW,0,0,0,0,0,0,0,0,0,0,0,0
BWA,Botswana,HW,1.1,0.7733,0.32,0,0,0,0,0,0.4,1.7667,1.6733,1.3533
CAF,Central African Republic,HW,2.3667,3.3,3.2267,2.26,1.1067,0.06,0,0,0,0,0.88,1.6467
CAN,Canada,HW,0,0,0,0,0,0,0,0,0,0,0,0
CCK,CCK,HW,0,0,0,0,0,0,0,0,0,0,0,0
CHE,Switzerland,HW,0,0,0,0,0,0,0,0,0,0,0,0
CHL,Chile,HW,0,0,0,0,0,0,0,0,0,0,0,0
CHN,China,HW,0,0,0,0,0,0,0,0,0,0,0,0
CIV,CÂ™te d'Ivoire,HW,1.82,2.6533,2.58,1.9867,1.1733,0.0733,0,0,0,0.3533,0.9667,1.1067
CMR,Cameroon,HW,0.5733,1.4867,1.6533,1.02,0.12,0,0,0,0,0,0,0.1267
COD,Congo DR,HW,0,0,0,0,0,0,0,0,0,0,0,0
COG,Congo,HW,0,0.3,0.4067,0.24,0,0,0,0,0,0,0,0
COK,COK,HW,0,0,0,0,0,0,0,0,0,0,0,0
COL,Colombia,HW,0,0,0,0,0,0,0,0,0,0,0,0
COM,Comoros,HW,0,0,0,0,0,0,0,0,0,0,0,0
CPV,Cabo Verde,HW,0,0,0,0,0,0,0,0,0,0,0,0
CRI,Costa Rica,HW,0,0,0,0,0,0,0,0,0,0,0,0
CUB,Cuba,HW,0,0,0,0,0.18,0.56,1.0933,1.1933,0.68,0,0,0
CUW,CUW,HW,0,0,0,0,0,0,0,0,0,0,0,0
CXR,CXR,HW,0,0,0,0,0,0,0,0,0,0,0,0
CYM,CYM,HW,0,0,0,0,0,0,0,0,0,0,0,0
CYP,Cyprus,HW,0,0,0,0,0,0,1.18,1.3067,0,0,0,0
CZE,Czech Republic,HW,0,0,0,0,0,0,0,0,0,0,0,0
DEU,Germany,HW,0,0,0,0,0,0,0,0,0,0,0,0
DJI,Djibouti,HW,0,0,1.2067,2.5333,4.4667,6.0333,5.4733,4.7,4.3067,2.3133,0.38,0
DMA,Dominica,HW,0,0,0,0,0,0,0,0,0,0,0,0
DNK,Denmark,HW,0,0,0,0,0,0,0,0,0,0,0,0
DOM,Dominican Republic,HW,0,0,0,0,0,0,0,0,0,0,0,0
DZA,Algeria,HW,0,0,0,0,2.84,5.8467,7.1867,6.7067,4.38,0.5867,0,0
ECU,Ecuador,HW,0,0,0,0,0,0,0,0,0,0,0,0
EGY,Egypt,HW,0,0,0,0.1333,2.5333,4.1867,4.48,4.38,2.9333,0.5133,0,0
ERI,Eritrea,HW,0,0.22,1.6,2.94,3.8133,3.82,2.3,1.6533,2.2667,2.1067,1.0733,0
ESP,Spain,HW,0,0,0,0,0,0,0,0,0,0,0,0
EST,Estonia,HW,0,0,0,0,0,0,0,0,0,0,0,0
ETH,Ethiopia,HW,0,0.34,0.7267,0.1133,0,0,0,0,0,0,0,0
FIN,Finland,HW,0,0,0,0,0,0,0,0,0,0,0,0
FJI,Fiji,HW,0,0,0,0,0,0,0,0,0,0,0,0
FRA,France,HW,0,0,0,0,0,0,0,0,0,0,0,0
FRO,FRO,HW,0,0,0,0,0,0,0,0,0,0,0,0
FSM,Micronesia,HW,0,0,0,0,0,0,0,0,0,0,0,0
GAB,Gabon,HW,0,0.0133,0.1533,0.12,0,0,0,0,0,0,0,0
GBR,United Kingdom,HW,0,0,0,0,0,0,0,0,0,0,0,0
GEO,Georgia,HW,0,0,0,0,0,0,0,0,0,0,0,0
GGY,GGY,HW,0,0,0,0,0,0,0,0,0,0,0,0
GHA,Ghana,HW,2.2467,3.2,3.34,2.7,1.6933,0.3933,0,0,0,0.6333,1.6867,1.78
GIB,GIB,HW,0,0,0,0,0,0,0,0,0,0,0,0
GIN,Guinea,HW,1.74,2.94,3.5933,3.36,2.0333,0.18,0,0,0,0.1667,0.9133,1.1
GLP,GLP,HW,0,0,0,0,0,0,0,0,0,0,0,0
GMB,Gambia,HW,1.64,3.0867,4.2733,4.64,4.3267,3.0467,1.2267,0.3733,0.6933,1.9,2.6467,1.6733
GNB,Guinea-Bissau,HW,2.24,3.4533,4.3333,4.5067,3.8267,1.8733,0.04,0,0.16,0.9533,1.6867,1.8
GNQ,Equatorial Guinea,HW,0,0,0,0,0,0,0,0,0,0,0,0
GRC,Greece,HW,0,0,0,0,0,0,0,0,0,0,0,0
GRD,Grenada,HW,0,0,0,0,0,0,0,0,0,0,0,0
GRL,GRL,HW,0,0,0,0,0,0,0,0,0,0,0,0
GTM,Guatemala,HW,0,0,0,0.1267,0.0467,0,0,0,0,0,0,0
GUF,GUF,HW,0,0,0,0,0,0,0,0.78,1.6867,1.98,1.2533,0
GUM,GUM,HW,0,0,0,0,0,0,0,0,0,0,0,0
GUY,Guyana,HW,0,0,0,0,0,0,0,0,0.5733,0.8933,0.3133,0
HKG,HKG,HW,0,0,0,0,0,0,0.3667,0.3133,0,0,0,0
HMD,HMD,HW,0,0,0,0,0,0,0,0,0,0,0,0
HND,Honduras,HW,0,0,0,0.42,0.32,0,0,0,0,0,0,0
HRV,Croatia,HW,0,0,0,0,0,0,0,0,0,0,0,0
HTI,Haiti,HW,0,0,0,0,0,0,0.1267,0.16,0,0,0,0
HUN,Hungary,HW,0,0,0,0,0,0,0,0,0,0,0,0
IDN,Indonesia,HW,0,0,0,0,0,0,0,0,0,0,0,0
IMN,IMN,HW,0,0,0,0,0,0,0,0,0,0,0,0
IND,India,HW,0,0,0.6267,2.98,3.96,2.5467,0.14,0,0,0,0,0
IOT,IOT,HW,0,0,0,0,0,0,0,0,0,0,0,0
IRL,Ireland,HW,0,0,0,0,0,0,0,0,0,0,0,0
IRN,Iran,HW,0,0,0,0,0,3.0733,4.2667,3.6267,1.2667,0,0,0
IRQ,Iraq,HW,0,0,0,0,3.0333,6.54,8.2933,8.2867,5.8,1.3067,0,0
ISL,Iceland,HW,0,0,0,0,0,0,0,0,0,0,0,0
ISR,Israel,HW,0,0,0,0,0,1.2467,2.2467,2.2933,1.1333,0,0,0
ITA,Italy,HW,0,0,0,0,0,0,0,0,0,0,0,0
JAM,Jamaica,HW,0,0,0,0,0,0,0.1933,0.2467,0,0,0,0
JEY,JEY,HW,0,0,0,0,0,0,0,0,0,0,0,0
JOR,Jordan,HW,0,0,0,0,0,2.34,3.5,3.54,1.9333,0,0,0
JPN,Japan,HW,0,0,0,0,0,0,0,0,0,0,0,0
KAZ,Kazakhstan,HW,0,0,0,0,0,0,0,0,0,0,0,0
KEN,Kenya,HW,0.9533,1.6533,1.58,0.46,0,0,0,0,0.18,0.34,0,0.0867
KGZ,Kyrgyzstan,HW,0,0,0,0,0,0,0,0,0,0,0,0
KHM,Cambodia,HW,0.86,2.0067,2.9533,3.0133,2.0733,1.1933,0.8,0.6933,0.4267,0.4333,0.3333,0.22
KIR,Kiribati,HW,0,0,0,0,0,0,0,0,0,0,0,0
KNA,Saint Kitts and Nevis,HW,0,0,0,0,0,0,0,0,0,0,0,0
KOR,Korea Republic of,HW,0,0,0,0,0,0,0,0,0,0,0,0
KSV,KSV,HW,0,0,0,0,0,0,0,0,0,0,0,0
KWT,Kuwait,HW,0,0,0,1.1533,5.56,8.5333,9.7267,9.7467,7.6267,3.46,0,0
LAO,Lao PDR,HW,0,0,0,0.4467,0,0,0,0,0,0,0,0
LBN,Lebanon,HW,0,0,0,0,0,0,0,0,0,0,0,0
LBR,Liberia,HW,0.2867,0.72,0.58,0.2733,0,0,0,0,0,0,0,0
LBY,Libya,HW,0,0,0,0.0333,2.5467,4.44,4.5067,4.2867,2.9467,0,0,0
LCA,Saint Lucia,HW,0,0,0,0,0,0,0,0,0,0,0,0
LIE,Liechtenstein,HW,0,0,0,0,0,0,0,0,0,0,0,0
LKA,Sri Lanka,HW,0,0,0.8267,1.26,1.18,0.9733,0.8867,0.8867,0.86,0.1,0,0
LSO,Lesotho,HW,0,0,0,0,0,0,0,0,0,0,0,0
LTU,Lithuania,HW,0,0,0,0,0,0,0,0,0,0,0,0
LUX,Luxembourg,HW,0,0,0,0,0,0,0,0,0,0,0,0
LVA,Latvia,HW,0,0,0,0,0,0,0,0,0,0,0,0
MAC,MAC,HW,0,0,0,0,0,0,0.3467,0.2933,0,0,0,0
MAF,MAF,HW,0,0,0,0,0,0,0,0,0,0,0,0
MAR,Morocco,HW,0,0,0,0,0,0,2.6733,2.5267,0,0,0,0
MCO,MCO,HW,0,0,0,0,0,0,0,0,0,0,0,0
MDA,Moldova Republic of,HW,0,0,0,0,0,0,0,0,0,0,0,0
MDG,Madagascar,HW,0,0,0,0,0,0,0,0,0,0,0,0
MDV,Maldives,HW,0,0,0,0,0,0,0,0,0,0,0,0
MEX,Mexico,HW,0,0,0,0,0.5333,0.68,0.22,0,0,0,0,0
MHL,Marshall Islands,HW,0,0,0,0,0,0,0,0,0,0,0,0
MKD,The former Yugoslav Republic of Macedonia,HW,0,0,0,0,0,0,0,0,0,0,0,0
MLI,Mali,HW,0,0.8533,3.1933,5.34,6.5133,6.6067,5.3933,4.38,4.54,4.16,1.88,0
MLT,Malta,HW,0,0,0,0,0,0,0,0,0,0,0,0
MMR,Myanmar,HW,0,0,0.8467,1.8067,0.8933,0,0,0,0,0,0,0
MNE,Montenegro,HW,0,0,0,0,0,0,0,0,0,0,0,0
MNG,Mongolia,HW,0,0,0,0,0,0,0,0,0,0,0,0
MNP,MNP,HW,0,0,0,0,0,0,0,0,0,0,0,0
MOZ,Mozambique,HW,0.1533,0,0,0,0,0,0,0,0,1.0533,1.2467,0.56
MRT,Mauritania,HW,0,0,1.2867,3.2467,5.06,6.62,6.8067,6.16,5.4533,3.8467,0.5533,0
MSR,MSR,HW,0,0,0,0,0,0,0,0,0,0,0,0
MTQ,MTQ,HW,0,0,0,0,0,0,0,0,0,0,0,0
MUS,Mauritius,HW,0,0,0,0,0,0,0,0,0,0,0,0
MWI,Malawi,HW,0,0,0,0,0,0,0,0,0,0,0,0
MYS,Malaysia,HW,0,0,0.0667,0.3467,0.36,0.26,0.1067,0.12,0.0267,0,0,0
MYT,MYT,HW,0,0,0,0,0,0,0,0,0,0,0,0
NAM,Namibia,HW,0.7467,0.3067,0,0,0,0,0,0,0,0.6933,0.9933,1.1267
NCL,NCL,HW,0,0,0,0,0,0,0,0,0,0,0,0
NER,Niger,HW,0,0,2.42,5.3733,6.6467,6.6067,5.36,4.5267,4.84,3.86,0.82,0
NFK,NFK,HW,0,0,0,0,0,0,0,0,0,0,0,0
NGA,Nigeria,HW,1.6667,3.0467,4.1733,4.16,2.9467,1.4,0,0,0,1.3133,2.02,1.6067
NIC,Nicaragua,HW,0,0,0.0867,0.9333,0.8,0,0,0,0,0,0,0
NIU,NIU,HW,0,0,0,0,0,0,0,0,0,0,0,0
NLD,Netherlands,HW,0,0,0,0,0,0,0,0,0,0,0,0
NOR,Norway,HW,0,0,0,0,0,0,0,0,0,0,0,0
NPL,Nepal,HW,0,0,0,0,0,0,0,0,0,0,0,0
NRU,Nauru,HW,0,0,0,0,0,0,0,0,0,0,0,0
NZL,New Zealand,HW,0,0,0,0,0,0,0,0,0,0,0,0
OMN,Oman,HW,0,0,0.98,3.7867,6.2533,7.3067,6.84,6.0933,5.0933,3.1733,0.2,0
PAK,Pakistan,HW,0,0,0,0,2.5867,3.8933,3.02,2.0667,1.1467,0,0,0
PAN,Panama,HW,0,0,0,0,0,0,0,0,0,0,0,0
PCN,PCN,HW,0,0,0,0,0,0,0,0,0,0,0,0
PER,Peru,HW,0,0,0,0,0,0,0,0,0,0,0,0
PHL,Philippines,HW,0,0,0,0.0267,0.2,0,0,0,0,0,0,0
PLW,Palau,HW,0,0,0,0,0,0,0,0,0,0,0,0
PNG,Papua New Guinea,HW,0,0,0,0,0,0,0,0,0,0,0,0
POL,Poland,HW,0,0,0,0,0,0,0,0,0,0,0,0
PRI,PRI,HW,0,0,0,0,0,0,0,0,0,0,0,0
PRK,Korea DPR,HW,0,0,0,0,0,0,0,0,0,0,0,0
PRT,Portugal,HW,0,0,0,0,0,0,0,0,0,0,0,0
PRY,Paraguay,HW,2.1067,1.7733,1.0667,0,0,0,0,0,0,0.7067,1.4067,1.9067
PSE,Palestine,HW,0,0,0,0,0,1.3067,2.42,2.5533,1.4467,0,0,0
PYF,PYF,HW,0,0,0,0,0,0,0,0,0,0,0,0
QAT,Qatar,HW,0,0,0,1.4733,4.98,6.6133,7.3933,7.4867,5.9533,3.2,0,0
REU,REU,HW,0,0,0,0,0,0,0,0,0,0,0,0
ROU,Romania,HW,0,0,0,0,0,0,0,0,0,0,0,0
RUS,Russian Federation,HW,0,0,0,0,0,0,0,0,0,0,0,0
RWA,Rwanda,HW,0,0,0,0,0,0,0,0,0,0,0,0
SAU,Saudi Arabia,HW,0,0,0,1.7667,4.8867,6.8133,7.4933,7.4467,5.8333,2.46,0,0
SDN,Sudan,HW,0,0,2.2133,4.48,5.4333,5.2733,4.06,3.5467,3.72,3.0533,0.9333,0
SEN,Senegal,HW,1.92,3.52,5.04,5.9333,5.96,4.48,2.3333,1.22,1.6,3.2,3.5,2.0467
SGP,Singapore,HW,0,0,0,0,0,0,0,0,0,0,0,0
SHN,SHN,HW,0,0,0,0,0,0,0,0,0,0,0,0
SJM,SJM,HW,0,0,0,0,0,0,0,0,0,0,0,0
SLB,Solomon Islands,HW,0,0,0,0,0,0,0,0,0,0,0,0
SLE,Sierra Leone,HW,1.5533,2.4867,2.56,1.7467,0.4133,0,0,0,0,0,0,0.4267
SLV,El Salvador,HW,0.6867,1.2133,1.7267,1.7733,0.8667,0.02,0.5267,0.48,0,0,0,0.3533
SMR,SMR,HW,0,0,0,0,0,0,0,0,0,0,0,0
SOM,Somalia,HW,0.7267,1.5,2.2133,1.9667,1.5933,1.5667,1.18,1.4733,1.9067,0.9133,0.3467,0.4333
SPM,SPM,HW,0,0,0,0,0,0,0,0,0,0,0,0
SRB,Serbia,HW,0,0,0,0,0,0,0,0,0,0,0,0
SSD,South Sudan,HW,3.0733,4.12,4.4467,3.6733,2.32,1.08,0.0667,0,0.2133,0.62,1.48,2.3133
STP,Sao Tome and Principe,HW,0,0,0,0,0,0,0,0,0,0,0,0
SUR,Suriname,HW,0,0,0.0667,0.2067,0,0,0,0.5867,1.6133,2.0933,1.3933,0.1733
SVK,Slovakia,HW,0,0,0,0,0,0,0,0,0,0,0,0
SVN,Slovenia,HW,0,0,0,0,0,0,0,0,0,0,0,0
SWE,Sweden,HW,0,0,0,0,0,0,0,0,0,0,0,0
SWZ,Swaziland,HW,0,0,0,0,0,0,0,0,0,0,0,0
SXM,SXM,HW,0,0,0,0,0,0,0,0,0,0,0,0
SYC,Seychelles,HW,0,0,0,0,0,0,0,0,0,0,0,0
SYR,Syria,HW,0,0,0,0,0,2.9267,4.7733,4.6267,2.3333,0,0,0
TCA,TCA,HW,0,0,0,0,0,0,0,0,0,0,0,0
TCD,Chad,HW,0,0.6533,3.0867,5.18,5.62,5.0933,3.5133,2.62,3.1133,2.8667,1.08,0
TGO,Togo,HW,2.36,3.2867,3.4133,2.6267,1.52,0.2533,0,0,0,0.7067,1.9533,2.0933
THA,Thailand,HW,0,1.1467,2.4733,2.9533,1.9133,1.04,0.6733,0.4733,0.32,0.18,0,0
TJK,Tajikistan,HW,0,0,0,0,0,0,0,0,0,0,0,0
TKL,TKL,HW,0,0,0,0,0,0,0,0,0,0,0,0
TKM,Turkmenistan,HW,0,0,0,0,0,3.56,5.0933,4.16,0.3733,0,0,0
TLS,Timor-Leste,HW,0,0,0,0,0,0,0,0,0,0,0,0
TON,Tonga,HW,0,0,0,0,0,0,0,0,0,0,0,0
TTO,Trinidad and Tobago,HW,0,0,0,0,0,0,0,0,0,0,0,0
TUN,Tunisia,HW,0,0,0,0,0,1.9667,3.9733,3.8467,1.2467,0,0,0
TUR,Turkey,HW,0,0,0,0,0,0,0,0,0,0,0,0
TUV,Tuvalu,HW,0,0,0,0,0,0,0,0,0,0,0,0
TWN,TWN,HW,0,0,0,0,0,0,0,0,0,0,0,0
TZA,Tanzania,HW,0,0,0,0,0,0,0,0,0,0,0,0
UGA,Uganda,HW,0,0,0,0,0,0,0,0,0,0,0,0
UKR,Ukraine,HW,0,0,0,0,0,0,0,0,0,0,0,0
UMI,UMI,HW,0,0,0,0,0,0,0,0,0,0,0,0
URY,Uruguay,HW,0,0,0,0,0,0,0,0,0,0,0,0
USA,United States of America,HW,0,0,0,0,0,0,0,0,0,0,0,0
UZB,Uzbekistan,HW,0,0,0,0,0,1.88,3.36,2.28,0,0,0,0
VAT,VAT,HW,0,0,0,0,0,0,0.32,0.3333,0,0,0,0
VCT,Saint Vincent and the Grenadines,HW,0,0,0,0,0,0,0,0,0,0,0,0
VEN,Venezuela,HW,0.1333,0.6067,0.9133,0.6533,0,0,0,0,0.16,0.26,0.04,0
VGB,VGB,HW,0,0,0,0,0,0,0,0,0,0,0,0
VIR,VIR,HW,0,0,0,0,0,0,0,0,0,0,0,0
VNM,Viet Nam,HW,0,0,0,0,0.3133,0.26,0.14,0,0,0,0,0
VUT,Vanuatu,HW,0,0,0,0,0,0,0,0,0,0,0,0
WLF,WLF,HW,0,0,0,0,0,0,0,0,0,0,0,0
WSM,Samoa,HW,0,0,0,0,0,0,0,0,0,0,0,0
YEM,Yemen,HW,0,0,0.1467,1.74,3.3733,4.4,4.2133,3.6867,2.92,0.84,0,0
ZAF,South Africa,HW,0,0,0,0,0,0,0,0,0,0,0,0
ZMB,Zambia,HW,0,0,0,0,0,0,0,0,0.6733,1.4867,0.06,0
ZWE,Zimbabwe,HW,0,0,0,0,0,0,0,0,0,0.7267,0.3067,0